{
  "Speed": {
    "mean": 228.25814819335938,
    "std": 63.80025863647461
  },
  "Throttle": {
    "mean": 81.01287841796875,
    "std": 37.310768127441406
  },
  "Brake": {
    "mean": 0.15608811378479004,
    "std": 0.3395891785621643
  },
  "nGear": {
    "mean": 6.12161922454834,
    "std": 1.7178934812545776
  },
  "RPM": {
    "mean": 9438.248046875,
    "std": 1617.3126220703125
  },
  "DRS": {
    "mean": 1.6378788948059082,
    "std": 3.5190916061401367
  },
  "AirTemp": {
    "mean": 24.500774383544922,
    "std": 4.962192058563232
  },
  "Humidity": {
    "mean": 54.571346282958984,
    "std": 15.806227684020996
  },
  "Pressure": {
    "mean": 1016.8947143554688,
    "std": 63.7703742980957
  },
  "Rainfall": {
    "mean": 0.04111342504620552,
    "std": 0.19501793384552002
  },
  "TrackTemp": {
    "mean": 36.81609344482422,
    "std": 9.691308975219727
  },
  "WindDirection": {
    "mean": 192.28085327148438,
    "std": 100.92986297607422
  },
  "WindSpeed": {
    "mean": 1.6603325605392456,
    "std": 1.2005133628845215
  },
  "LapNumber": {
    "mean": 30.08256721496582,
    "std": 18.06492805480957
  },
  "Stint": {
    "mean": 2.2165820598602295,
    "std": 1.0547196865081787
  }
}