{
    "mae": 0.14926828391543043,
    "rmse": 0.28994340918033146,
    "r2": 0.9994458583914372,
    "mean_absolute_percent_error": 0.17051650264179513
}